1349,Robin,Gabbitus,27614 Summer Ridge Center,18
1916,Carmina,Prise,7 Sullivan Pass,26
837,Suzie,Perulli,62198 Donald Pass,25
4955,Geoff,Tamlett,805 Luster Street,27
2252,Ines,Wasteney,47 Spaight Alley,21
1299,Debora,Berecloth,7425 Haas Court,27
1759,Eliza,Streatley,1223 Manitowish Parkway,27
3403,Lennie,Spelsbury,99 Center Lane,20
252,Pegeen,Muccino,555 Menomonie Pass,25
4458,Culley,Beidebeke,14548 Green Ridge Center,20
1312,Cherilynn,Dossantos,0879 Stuart Crossing,23
250,Andromache,Goaks,73326 Sloan Street,25
1984,Phillida,Molnar,78 Myrtle Crossing,27
3042,Lydia,Avon,0456 Forest Lane,21
1587,Brooks,Pavitt,9892 Talmadge Hill,23
1404,Wald,Bockin,8 Paget Street,19
4839,Morly,Pateman,05 Morrow Road,26
4911,Pancho,Klaassens,23169 Hallows Hill,20
4673,Beverlie,Tufts,0 Menomonie Street,25
436,Saraann,Dutt,907 Carpenter Hill,20
4806,Dulcia,Emett,25 Lighthouse Bay Court,23
4942,Ines,Malcolm,395 Ruskin Way,23
1551,Jarib,Getch,1 Beilfuss Court,21
3185,Millie,Swatman,8831 Melby Way,19
1563,Garreth,Moorerud,96593 Melvin Trail,26
3141,Felicdad,Goodliff,50149 Luster Trail,20
4183,Ferguson,Von Helmholtz,1148 Duke Pass,23
2991,Vickie,Knighton,5 Bay Point,27
1285,Malory,Bravington,797 Columbus Circle,23
1872,Erskine,Frend,8 Tennyson Pass,22
3180,Marja,Parman,237 Pine View Drive,24
2107,Delmer,Glasscoe,37500 Warner Hill,24
4809,Carrissa,Edmonson,6 Haas Plaza,19
1980,Noll,Giottoi,72 Sommers Junction,19
2982,Orville,Dykins,6284 Colorado Junction,27
4670,Ezri,Rivalant,51 Weeping Birch Point,22
3384,Denyse,Mulhall,115 Upham Place,25
145,Zora,Birwhistle,0415 Sullivan Pass,21
1750,Armando,Pulbrook,91411 Maple Wood Circle,21
4901,Angil,Smurfitt,6 Nova Drive,20
3916,Wells,Swidenbank,2 Banding Drive,19
441,Benjy,Keyzor,79 Coolidge Trail,18
3444,Bil,Blade,928 Bellgrove Avenue,26
3243,Torrin,de Bullion,0 Warner Pass,21
4385,Edouard,Tures,4 Longview Alley,20
1215,Dorian,Elston,16144 Ruskin Parkway,23
4052,Olwen,Crinion,03082 Lien Alley,22
3564,Dalis,Thorby,3 Delladonna Road,25
3352,Johan,Chandler,5748 Spohn Terrace,23
1157,Sax,Curds,2 Blue Bill Park Plaza,25
1598,Marieann,Bogeys,817 Clarendon Lane,18
4423,Belita,Pymar,61328 Merry Road,19
2502,Lammond,Derges,68583 Roth Drive,18
2351,Sissy,Warbrick,5 Granby Circle,22
1877,Jolynn,Fishburn,3415 Vahlen Street,22
3606,Barnard,Pes,6179 Macpherson Junction,27
1268,Oren,Johanchon,9388 Talmadge Plaza,22
4390,Dov,Arnely,286 Saint Paul Terrace,18
775,Darryl,Shoreson,2 Wayridge Trail,19
4245,Alberik,Benger,53 Sullivan Park,18
1608,Randal,Coulthart,6342 Kedzie Drive,21
2490,Dorine,Coe,2556 East Lane,26
2243,Winnie,Mincher,45566 Kipling Point,20
4285,Fania,Philler,7 Katie Center,24
4472,Marty,Phipp,0 Cody Drive,20
2823,Sheryl,Snoxill,661 Green Hill,27
1122,Torrey,Yurenin,58 Manley Way,23
732,Cody,Gurley,6 Hagan Terrace,22
1414,Maisey,June,79 Warbler Center,19
2626,Netta,Bassford,599 Lunder Point,18
3355,Adan,Ladon,6 Prairieview Street,21
1091,Amalie,Knibb,23 Twin Pines Avenue,22
1207,Barbee,Ivankovic,193 Mifflin Avenue,25
2976,Emilie,Gaddes,70088 Dovetail Parkway,18
3146,Dougie,Ruperti,19588 Mifflin Street,27
4836,Blayne,Ceschelli,9915 Norway Maple Center,25
3406,Whitaker,Michel,07539 Riverside Parkway,19
2307,Ezri,Swinden,608 Forest Dale Drive,23
2693,Guthry,Arkwright,6084 Straubel Trail,18
2750,Brandie,Matovic,62391 Almo Way,24
1642,Aluin,Borsi,65 American Parkway,27
4616,Kenn,Trevance,12812 Shoshone Lane,18
549,Johna,Ambrosch,73503 Quincy Center,22
612,Ina,Morando,7 Anthes Point,25
3340,Bartolemo,Aubert,502 Atwood Park,21
4083,Arlin,Aleshkov,112 Menomonie Street,26
1554,Zacherie,Hiscoke,095 Washington Lane,20
4523,Derby,Laming,5 Brickson Park Road,22
4289,Ellette,Sisselot,8527 Forest Avenue,20
2733,Gilbertina,Cohane,80611 Lake View Center,26
2037,Derk,Antonchik,4 Bellgrove Park,20
4065,Jesselyn,Preddle,1004 Burrows Drive,26
997,Lisetta,Devers,36 Buena Vista Crossing,22
3028,Emmalynn,Ellard,8 Brickson Park Park,21
2939,Barbie,Baptist,43400 Schiller Trail,20
1862,Zaneta,Lithcow,27 Beilfuss Avenue,23
4946,Emera,Ruffles,192 Schurz Avenue,19
107,Fabiano,McKillop,7 Darwin Lane,26
4760,Helsa,Hepher,09207 Dovetail Alley,24
2836,Kerrill,Chilley,0 Havey Plaza,18
4377,Sue,Burridge,430 Fremont Court,24
3579,George,Keogh,0611 Express Park,21
306,Veronique,Trye,94 Sutteridge Pass,27
1690,Huntington,Worwood,2 Vermont Parkway,20
3972,Jolynn,Craddock,4019 Sachtjen Parkway,25
3407,Kipp,Snelman,94 Judy Road,26
4815,Sheffy,Deeley,34180 Swallow Crossing,25
1683,Jakie,Duley,1 Graceland Terrace,22
3395,Ambrosius,Parffrey,92945 New Castle Way,25
3118,Domingo,O'Connor,01 Crowley Avenue,20
660,Alexine,Cord,4 Rieder Center,25
4556,Tina,Mulbery,79223 Tennessee Parkway,24
2969,Eddi,Hackworth,7 Carioca Place,25
962,Othello,Kristufek,00644 American Street,26
540,Novelia,Tonnesen,7001 Garrison Park,22
4949,Barbe,Silcox,8 Pine View Terrace,18
3785,Giffer,Boddie,2415 Logan Circle,26
787,Meg,Corder,581 Mcguire Center,21
379,Wilbur,Carrick,4 Haas Hill,19
4763,Skippie,Jenne,9488 Pepper Wood Circle,21
3426,Burlie,de Broke,60249 Fair Oaks Lane,27
4035,Nevil,Swinfen,85 Bunker Hill Terrace,19
1998,Mirna,Sifflett,8997 Garrison Hill,25
4530,Edmon,Lardnar,6191 Havey Terrace,23
4248,Gerik,Peller,6977 Sheridan Hill,27
1878,Clark,Rattenbury,34747 Packers Point,25
2169,Therese,Sylett,047 Carpenter Terrace,19
718,Garland,Alexsandrovich,7 Mandrake Point,26
2166,Eduardo,Enden,80 Schiller Street,18
3845,Patience,Prujean,6747 Sunnyside Court,27
690,Elena,Slessor,35 Mifflin Terrace,26
3337,Nerti,Cormode,8884 Doe Crossing Junction,27
3726,Gaelan,Howland,8 Tennessee Lane,26
1273,Eleanore,Hurndall,881 Summerview Trail,27
817,Olva,Yetman,294 Forest Crossing,19
4071,Jordana,Waddam,132 Bunker Hill Alley,22
3330,Miles,Leatt,46324 Scoville Park,26
3349,Guilbert,Cubuzzi,212 Laurel Terrace,18
3450,Leoline,Sendall,698 Kenwood Avenue,26
3680,Logan,Newns,4 Lake View Trail,25
4717,Brennan,Nigh,5606 Johnson Avenue,19
4375,Juana,Ivanets,80 South Avenue,23
925,Marcelo,Ferroli,9697 Menomonie Junction,27
2943,Adolphe,Bye,1 Porter Plaza,19
3591,Emerson,Volage,35388 Ridgeview Hill,18
263,Elias,Maddison,088 Trailsway Plaza,24
4516,Nikolas,Di Dello,5 Utah Parkway,21
4743,Salem,Carlill,609 Sheridan Parkway,27
862,Codie,Peet,053 Main Circle,18
104,Fernandina,Patershall,7 Hudson Terrace,24
1640,Joey,Osipenko,7 Harper Center,27
3846,Clarie,Tuffley,83 Brown Parkway,25
4392,Wilden,Mortimer,868 Atwood Point,25
3732,Babb,McKyrrelly,34 Carioca Trail,22
1288,Abbie,Blondell,2 Almo Way,26
2457,Elicia,De L'Isle,54459 Tomscot Junction,23
4402,Zsazsa,McCulloch,0354 Pawling Court,20
597,Hersch,Woodnutt,290 Green Parkway,25
776,Gabie,Kenewel,47 Bobwhite Street,26
1814,Eda,Harby,151 Little Fleur Park,18
2363,Cirillo,Cottrill,8 Texas Point,23
1781,Anastassia,Kenney,988 Scoville Avenue,19
1314,Cate,Garley,1199 Fairfield Place,19
3065,Lonni,Hospital,1343 Bluejay Terrace,18
3090,Nahum,Matteo,9 Hovde Center,26
4966,Ransom,Provest,53 Hoffman Center,18
1859,Dave,Crocker,03 6th Lane,21
4518,Kennedy,Jessard,56 Rieder Parkway,23
208,Kahlil,Warre,25340 Northwestern Junction,21
3414,Rona,Karlmann,1 Kings Place,23
3964,Abagail,Paliser,4 Schmedeman Park,24
1261,Yevette,Grizard,06 Ridgeview Drive,22
476,Laura,Farra,5 American Ash Alley,19
3379,Alvin,Pohling,9 Toban Parkway,21
3507,Nelli,Sparrowhawk,133 Atwood Circle,27
12,Zonda,Niece,50044 Welch Lane,25
4090,Brittaney,Tarbox,80 Armistice Way,25
1332,Dorthy,Edkins,03 Londonderry Way,20
4326,Misha,Roughley,56 Crest Line Point,18
1582,Fons,Dun,40 Westridge Center,18
2863,Aviva,Fullerd,456 Twin Pines Court,23
327,Esma,Trase,15442 Holy Cross Place,20
1620,Merrilee,Le Merchant,535 Arizona Pass,25
4561,Ulysses,Wyness,9 Glendale Street,22
3891,Khalil,Shortin,84 Mendota Junction,22
1799,Aurthur,Burberow,8810 Novick Way,25
440,Vinson,McLese,89 Heffernan Junction,23
4406,Elga,Frowen,6 Division Plaza,21
1027,Jephthah,Soldner,1658 Springs Park,26
3070,Faulkner,Loomes,95 Texas Lane,18
3291,Bebe,Glencros,35 Valley Edge Park,20
2657,Ira,Caseborne,15586 Di Loreto Street,21
2089,Hector,Jervis,86 Pennsylvania Park,24
2000,Cahra,Alvarado,8 Corry Lane,21
756,Vivie,Tomeo,3 Hauk Parkway,23
1695,Noach,Denziloe,83004 Bashford Street,25
451,Emily,McCosker,0418 Porter Parkway,21
3624,Darell,Lubeck,1 Dovetail Road,25
2574,Kathy,Doughartie,94724 Pearson Alley,24
1968,Cordie,Olpin,1 Rigney Hill,19
3197,Molli,Ansell,8132 Sycamore Pass,20
339,Katharine,Silbersak,065 Hermina Pass,27
4566,Noby,Mildner,1 Hintze Court,25
1666,Katha,Rendall,5 3rd Court,24
2444,Abbie,Bickardike,16024 Vidon Court,23
2874,Mattie,Wyeth,07297 Talisman Lane,24
24,Levon,Acland,2 Messerschmidt Trail,27
4085,Shoshana,Challenor,4 Barby Lane,27
945,Carri,Klaes,1539 Northview Park,25
2422,Winslow,Summerly,74717 Harbort Terrace,26
4445,Ebba,Roback,58 Katie Lane,22
3717,Timmi,Logesdale,29 Chinook Circle,27
1805,Shawnee,Dalby,72973 Helena Lane,27
3412,Gracia,Such,17 Arkansas Plaza,23
203,Giusto,Gilfillan,52971 Tennyson Drive,21
4066,Ronni,Leist,00 Amoth Court,21
447,Lorenzo,MacKenney,785 Cascade Terrace,22
120,Dolores,Wimpenny,094 Blaine Hill,22
2633,Charlie,Dugood,03 Grim Trail,27
715,Deanna,Redholes,7169 Gale Place,20
4167,Kayla,Dragoe,713 Esch Drive,27
2949,Ceil,Carstairs,147 Crowley Crossing,27
4653,Ty,Blagbrough,1 Starling Hill,23
1809,Adelina,Raund,52 Transport Crossing,21
4910,Sharl,Petto,05473 Redwing Place,25
1058,Valerye,Overton,434 Reindahl Terrace,18
1452,Archibold,Faley,054 Maryland Way,25
3120,Taddeusz,Piecha,8 Melrose Street,21
3676,Ralf,Knath,53 Esch Way,20
249,Son,Kenvin,035 Nobel Parkway,23
1694,Yurik,Stokoe,095 Anhalt Center,23
2232,Eldridge,Dumelow,9180 Reinke Plaza,21
190,Jackqueline,Laffan,62138 Pine View Avenue,19
4425,Montague,Cooling,89394 Rockefeller Park,25
4290,Gregg,Hawkswood,996 Bluejay Parkway,25
2594,Friedrick,Watmore,9 Hooker Plaza,27
3907,Alyosha,Penhalewick,20 Schiller Drive,18
2566,Everard,Licciardi,554 Melrose Parkway,21
189,Beryl,Beaty,8156 Barby Road,25
3176,Hyacinthe,Tripp,1509 Victoria Court,20
1305,Orly,Boller,521 Waubesa Terrace,19
1652,Waverly,Erangey,90 Forest Run Crossing,20
4689,Granger,Lansly,0061 Pepper Wood Avenue,24
3554,Lyndsay,Haliburn,1713 Golf View Alley,27
1913,Cass,MacDunleavy,131 Summit Point,25
1779,Charmaine,Vanin,2 Merchant Court,27
400,Lurleen,Alan,6420 Schurz Circle,18
3435,Kim,Raithbie,2737 Arapahoe Junction,26
232,Shermie,Dyde,7 Armistice Avenue,22
4590,Jonas,Farnsworth,82 Bay Place,27
2963,Jsandye,Minichi,09390 Orin Trail,19
2520,Martelle,Tomkies,71021 Springview Point,27
2084,Hatti,Heckle,2623 Carioca Trail,26
803,Ahmed,Dickerson,3995 Graedel Court,20
3293,Francene,Abbes,1120 Mockingbird Alley,22
1271,Suzy,Tidridge,977 Jana Plaza,19
1903,Reese,Eate,13 South Crossing,22
1967,Robinson,O'Donnelly,4 Elmside Street,25
67,Nathalie,Belvin,7 Fairview Parkway,20
3525,Manon,Rodinger,47287 Hovde Avenue,24
1542,Jessica,Ambler,689 Reinke Way,26
4331,Forster,Leven,1 Kenwood Center,21
773,Vally,Capel,41932 Springs Terrace,18
3034,Pattie,Briskey,78 Browning Court,18
2761,Sawyere,Kleinplatz,3 Longview Street,27
3786,Zena,Drew-Clifton,336 Waubesa Parkway,20
2768,Coriss,Durman,42 Menomonie Road,23
1954,Zondra,Lewton,28909 Shoshone Parkway,23
3194,Alidia,Stangoe,87486 Red Cloud Hill,20
763,Judi,Swainson,273 Algoma Junction,23
2953,Laurena,Chessel,55957 Oriole Junction,18
1400,Lynda,Iddy,76 Towne Hill,25
588,Jenine,Goakes,1822 Oak Valley Center,24
4751,Devondra,Tookey,679 Artisan Trail,24
3862,Gunilla,Alden,8268 Talisman Lane,24
3801,Camel,Dublin,0 Hooker Drive,19
3283,Rube,Orry,56 Hansons Place,26
3332,Harmonie,Glasspool,41 Coleman Hill,19
2944,Berri,Marton,35 Elka Trail,27
1955,Norry,Hanford,2171 Express Hill,22
4016,Stacy,Sailor,593 Eastlawn Court,25
3698,Morgen,De Launde,99303 Elgar Court,25
4795,Issie,Kenaway,839 Charing Cross Street,23
98,Francene,Rainsden,4150 Vidon Alley,24
4153,Verla,Dyball,77320 Larry Park,20
2680,Marya,Yves,536 Sugar Circle,19
722,Andres,D'Alwis,0802 Sundown Alley,22
3625,Alyda,Headland,50 Prentice Avenue,26
1292,Rich,Mithun,3 Kensington Street,18
1205,Mathilda,Giddy,4 Oriole Hill,18
8,Harriett,Atwill,49170 Bluestem Trail,19
1236,Jay,Massenhove,03364 Dakota Trail,19
4928,Heidi,Zanelli,89221 Debs Trail,22
3116,Ronni,Kynton,87 Haas Pass,20
3519,Malvin,Dumbarton,729 Birchwood Lane,20
877,Anica,Exell,66423 Lakewood Lane,27
360,Luci,Bellanger,63 Nancy Lane,18
550,Cordy,Brach,9611 Main Trail,23
4055,Obediah,McJarrow,1642 Menomonie Trail,25
4186,Dugald,Newbery,4 Stone Corner Way,23
3868,Korrie,Ilott,61 Gateway Plaza,23
4244,Odille,Hauxwell,01824 Evergreen Alley,24
2010,Hermon,Evangelinos,928 Mcbride Way,22
4867,Caren,Burke,91970 Thierer Trail,21
689,Gabbey,Pountain,916 Warner Trail,27
952,Emlyn,Blenkin,668 Goodland Circle,22
739,Colby,Dionisio,26763 Kingsford Terrace,23
2751,Martha,Cisland,222 Talisman Junction,24
3797,Leonard,Dockreay,2474 Toban Circle,18
1108,Elwood,Weddeburn,8 Sachtjen Terrace,22
4419,Constantino,Richardsson,78463 Maple Wood Plaza,25
1892,Goraud,Grogan,92 Welch Street,18
4461,Marcille,Hamon,5497 Merrick Center,21
1628,Millisent,Highman,0 Commercial Plaza,21
3593,Terra,Lauthian,180 Holmberg Lane,22
4349,Maxwell,Szymon,258 Roxbury Road,18
2096,Krisha,Spondley,45618 Hallows Junction,18
3301,Bailie,Hallowes,61 Acker Hill,19
2937,Felic,Penchen,48 Dawn Road,25
2819,Byron,Dioniso,38313 Anniversary Place,24
2474,Lindon,Cawthorn,1 Bartelt Park,20
2385,Tish,Harker,45930 Maryland Center,20
2072,Derrek,Thick,6 Stuart Trail,19
3093,Silva,MacCollom,2575 Hermina Hill,20
3894,Abbye,Delcastel,11 Pawling Junction,21
1647,Karel,Berrill,9252 Menomonie Drive,20
1246,Hewie,Enga,875 Calypso Way,24
727,Dierdre,Moxley,63 Hazelcrest Lane,23
1553,Nolie,Heustice,8876 Vera Center,21
3733,Gaultiero,Powdrell,00477 Doe Crossing Pass,21
2868,Renate,Bellenie,47 Cascade Park,26
1166,Sandro,Vittel,47659 Derek Drive,21
4171,Ella,Hinemoor,6 Ohio Park,27
4587,Alejandrina,Charlot,20989 Dakota Drive,25
3924,Marleen,Hallor,240 New Castle Crossing,20
3640,Carmelina,Tasch,7 Ilene Road,22
2052,Dede,Misselbrook,140 Transport Trail,21
4823,Zena,Chesterton,5513 Parkside Plaza,22
1174,Seymour,Queste,4294 Anderson Avenue,18
1365,Silvain,Juara,898 Northridge Terrace,27
2239,Lorrie,Becom,525 Memorial Hill,18
1540,Hakeem,Scrancher,661 Butterfield Way,25
934,Mattie,Pucker,63 Prentice Street,24
4943,Zsa zsa,Eke,7 Debra Park,24
4786,Abbott,Grinin,981 Heffernan Way,19
2553,Horton,Tooke,97 Springview Drive,23
4072,Debra,Stidever,442 Melrose Pass,20
958,Aymer,Sprigg,8885 Kedzie Crossing,22
1893,Marcel,Klementz,9 Crescent Oaks Avenue,20
3415,Verge,Livick,4 Walton Crossing,21
3311,Carmelia,Jeacocke,2 Union Junction,18
3003,Kaylil,Cockshut,647 Melrose Trail,21
1546,Terrye,Arnott,5704 Iowa Pass,20
3250,Ronna,Kisby,9 Victoria Road,20
362,Jaime,Crane,053 Harbort Junction,20
433,Inigo,Nettle,96784 Delladonna Park,27
1310,Oates,Vassie,8 Old Shore Alley,19
1710,Remington,Bleeze,423 Sunbrook Alley,26
3320,Rosanna,Gemmill,577 Del Sol Point,21
2358,Livy,Mazillius,39899 Lighthouse Bay Lane,20
3655,Norrie,Hasloch,2 Maple Wood Point,23
3954,Lorette,Beeke,50523 Hansons Plaza,23
3445,Kerri,Coram,5 Vidon Center,21
3935,Marji,Frickey,3 Summit Drive,23
674,Keelia,Searchfield,5 Heath Place,26
939,Nance,Higbin,3293 Forster Trail,21
3392,Rani,Borman,3017 Raven Pass,22
759,Elene,Capron,364 Menomonie Alley,22
985,Calv,Phalp,05788 Sunbrook Crossing,27
4274,Joell,Brosini,13896 Kipling Avenue,26
3901,Timothee,Peddie,926 Riverside Alley,18
3381,Roarke,Congrave,8 Namekagon Road,24
1934,Estevan,Kunc,6 Farmco Point,19
938,Daisi,Fairest,4634 Evergreen Court,21
3620,Paolo,Tame,935 Del Sol Alley,24
2346,Cordell,Castiglioni,8 Redwing Center,22
3738,Saba,Georgelin,1837 Cardinal Crossing,27
491,Alfons,McShee,21151 2nd Crossing,19
4339,Aleda,Abthorpe,409 Elgar Parkway,23
256,Sayre,Scroggie,268 Bonner Point,18
4221,Chet,Rutigliano,20 Melrose Road,22
3151,Lawton,Codner,7505 Sutteridge Plaza,26
4960,Barbey,Bambury,4 Johnson Junction,19
3617,Giff,Saunder,8 Sullivan Street,19
4381,Stafford,Cleaves,5591 Stang Pass,19
3097,Carma,Elstone,64 Darwin Circle,25
2379,Cathleen,Netting,87 Manufacturers Court,27
4980,Meir,Shatliff,094 Stone Corner Plaza,21
4515,Corbie,Ivens,033 Nancy Court,25
4494,Courtnay,Amys,5 Pepper Wood Road,23
1770,Karina,Petow,79172 Canary Junction,23
3988,Carmella,Bolletti,48 Hansons Road,27
3137,Edan,Kensett,9 Blackbird Lane,27
672,Tiffany,Dorie,397 Schurz Terrace,23
2225,Lazaro,Mithun,2301 Farragut Plaza,19
3772,Wiley,Houseago,0 Marcy Trail,24
1645,Imojean,Morton,78229 Barby Avenue,21
1745,Farleigh,Ben-Aharon,78271 6th Park,20
1839,Ailyn,Jorck,07068 Golf View Crossing,21
3501,Darcey,Dunstone,832 Sherman Hill,18
3811,Jodi,Bloys,69532 Pearson Pass,22
668,Ruthi,Rotlauf,24768 Westerfield Avenue,25
1827,Ciel,Punyer,77 Hallows Plaza,25
842,Donovan,Pirrie,45827 Atwood Drive,24
1975,Paolina,Eul,92 Hoard Center,26
2740,Yvonne,Americi,080 Waywood Court,25
1284,Fabio,Josh,8 Southridge Alley,22
3893,Kenny,Staneland,0 Merry Court,19
716,Cecelia,Coffey,724 Blaine Parkway,25
1712,Mohandas,Mulheron,27 Westerfield Crossing,19
714,Joelly,Muffen,2799 Hintze Street,24
4426,Fedora,Barlace,82471 Buell Pass,20
2699,Meredith,Inwood,24 Sherman Crossing,26
3230,Constantine,Amiss,9706 Gale Point,22
1012,Torrance,Keave,20 Anzinger Hill,23
4201,Riccardo,Balmann,4707 Green Way,19
2531,Camella,Harnell,6 Corry Circle,23
3021,Bobine,Mutch,62 Briar Crest Plaza,18
2287,Laina,Muttock,9089 4th Road,19
1569,Benita,Hearle,9426 Hoepker Crossing,22
3473,Ardeen,Fryd,50294 Elgar Alley,25
4095,Avis,Wybrow,98 Manley Crossing,20
55,Darwin,Stellino,55788 Bunker Hill Terrace,21
1792,Annetta,Caneo,199 Ryan Park,25
2548,Darrick,Josuweit,5 Lawn Road,20
4138,Sandy,Staddon,9 Dennis Place,27
2405,Waverly,Aldgate,3 Cordelia Drive,22
4136,Eldredge,Conaboy,62977 Hoard Place,27
4784,Maurizio,Bradbrook,371 Laurel Point,27
3853,Roderic,Crocetto,940 Portage Court,24
1874,Pryce,Bucknill,162 Burning Wood Avenue,26
606,Rodney,Sutton,35 Hauk Trail,23
4148,Noni,Bilsborrow,86347 Oxford Crossing,23
275,Sarah,Prator,8 Graceland Avenue,26
1949,Westbrooke,Dudding,206 Grayhawk Lane,23
4700,Link,Tewelson,3499 Northport Junction,18
4162,Nan,Charkham,6 Sheridan Alley,24
4190,Menard,Ludwig,50432 Prentice Crossing,24
4944,Maxie,Merriday,0761 Tomscot Point,25
472,Evie,Sallis,29 Almo Avenue,22
1120,Maurizia,Artindale,4 Melrose Road,20
1800,Nolana,Kwietek,9 Susan Hill,23
1941,Clint,Kaas,30739 Carberry Junction,22
578,Tammara,Khadir,13 Rowland Circle,26
2293,Bevan,Guise,9704 Florence Hill,18
918,Marlyn,Skim,84135 Cottonwood Circle,18
764,Marla,Malden,7352 Mariners Cove Drive,21
4571,Inness,Ruppelin,18139 Schmedeman Park,25
3851,Vickie,Kynd,3114 Holmberg Pass,26
1176,Aleda,McGarvey,615 Schurz Road,20
49,Fields,Ballentime,86 Commercial Place,21
2178,Gale,Dybald,24601 Garrison Court,20
843,Junette,Swayne,591 Moulton Street,19
2392,Stevy,Twelve,343 Tennessee Court,25
4101,Wendy,Bourne,6 Buell Parkway,18
3040,Adrianne,Dillow,3086 Hooker Avenue,24
4503,Nick,Planque,67 Victoria Parkway,20
2478,Kerstin,Skeen,73 Forest Run Road,20
4479,Tiffie,Deverock,60 Prentice Avenue,24
11,Gilli,Rowthorne,829 Crownhardt Hill,24
3289,Candie,Rehm,8719 Ludington Pass,21
1880,Bill,Baudins,6671 Pennsylvania Point,21
4744,Dorthy,Toll,882 Buell Park,27
1496,Lonna,Lacky,8920 Weeping Birch Center,18
4185,Bartholomew,Murrthum,652 Manley Junction,20
199,Jyoti,Maillard,0 Paget Alley,24
3453,Brandy,Horche,98692 Jay Street,27
4278,Damian,Futty,34339 Calypso Street,21
2314,Caroline,Maytom,69528 Grim Trail,26
229,Rik,Tomblin,464 Tennessee Point,25
863,Vivianna,Fearfull,8234 Park Meadow Circle,26
3245,Frederick,Mattioni,51 Buell Circle,18
1162,Ginger,Keat,996 Nova Trail,18
3268,Hatty,Thickins,3 Cherokee Pass,19
2882,Bessy,Camacho,96105 Declaration Circle,22
1840,Yvette,Darlison,2100 Dayton Court,26
1863,Ariel,Meadley,679 North Court,27
2717,Quinlan,Toffts,71 Springview Court,22
2246,Jolee,Cohane,1 Bluejay Street,23
3762,Tomi,Bluett,2 Anderson Terrace,25
2019,Addy,Toler,75537 Jenna Place,20
1383,Dante,Twinterman,062 Grasskamp Street,26
4589,Dael,Gabler,21292 Larry Point,21
4347,Kristian,Willcott,2 Ridge Oak Lane,19
1606,Carmine,Hanhardt,029 American Crossing,19
3973,Dene,Duffer,07 Linden Circle,23
1857,Ulrika,Este,93102 Hazelcrest Parkway,21
2076,Irv,O'Rowane,57 Merrick Hill,19
1813,Akim,Dumphry,0837 Loeprich Avenue,27
1499,Adore,Leythley,21720 Rutledge Drive,23
169,Porty,Verralls,5 Toban Park,24
661,Candi,Dukelow,40 Sutherland Crossing,27
4918,Dionis,Bloxsom,63280 Jackson Park,26
2897,Blinni,Childs,89948 Arapahoe Junction,26
1996,Dukey,Fryer,0732 Fairfield Trail,26
1544,Shelden,Whitley,3 Ilene Drive,21
2325,Selie,Oldaker,243 New Castle Park,26
1488,Alene,Andrzejczak,73 Melby Road,23
2115,Bartel,Luggar,16619 Duke Trail,23
3439,Artus,Stearn,684 Walton Road,24
