nombre,correo,password
Padgett Bauduccio,pbauduccio0@sun.com,bFtSCPj6ul7
Coriss Peto,cpeto1@wordpress.com,LeGn9jerOe
Clint Denty,cdenty2@dmoz.org,VzbePh
Lyon Binning,lbinning3@ask.com,wvaleugKakxU
Thomas Halfacree,thalfacree4@drupal.org,uQomDrT
Ardelle Cardillo,acardillo5@ibm.com,4aEBNHnUf3IF
Conn Tams,ctams6@ibm.com,4Z9juwfuMS
Ware Bonavia,wbonavia7@netscape.com,DlW3Vy
Maggi Talloe,mtalloe8@w3.org,vLwWQ6iu
Frasquito Glaister,fglaister9@sfgate.com,epVbUlOaR2
Desirae Jain,djaina@umn.edu,VmdnCH
Sibel Holdin,sholdinb@nhs.uk,JitLN6bJHp
Zandra Lyford,zlyfordc@com.com,4RxfMABF5s
Sandye Daborne,sdaborned@china.com.cn,0cTrFyswN
Manya Pingston,mpingstone@seesaa.net,3gNvTOicvu
Valeda Treagust,vtreagustf@soup.io,Vu0xMMdaq0Ky
Nevile Doppler,ndopplerg@foxnews.com,xSH5I0ITCp
Franklin Connell,fconnellh@linkedin.com,9NfvKOuD
Katie Puckham,kpuckhami@google.com.hk,3tgVo2
Deidre McMeekan,dmcmeekanj@cdbaby.com,yYlw57MOp
Atlanta Cottie,acottiek@technorati.com,kz1aZx1S9
Christal Ornillos,cornillosl@miitbeian.gov.cn,2YKhtuoeKEuU
Caria Fancourt,cfancourtm@opera.com,aKQXVicM
Denver Dykes,ddykesn@earthlink.net,ac7gjtCdFZ
Kippy Vost,kvosto@example.com,KspPrP6SNiSj
Joice Heaselgrave,jheaselgravep@sakura.ne.jp,cV8W9IiH
Jeanine McNeice,jmcneiceq@umn.edu,AUsdKixlFv
Evangeline Scamp,escampr@canalblog.com,MC6B9YZQ
Leland Josum,ljosums@mozilla.com,j8uYVk
Wren Allmen,wallment@list-manage.com,1uduknr6o
Lorraine Curle,lcurleu@youku.com,x0H3ck
Ross Dibdale,rdibdalev@shop-pro.jp,Ql4OY6xsoG1U
Aubrie Le Moucheux,alew@blinklist.com,veMzHnhxEQfh
Jolie Carlet,jcarletx@paginegialle.it,lAr79pGRwlx
Oralla Bastin,obastiny@time.com,TUhGkG4Z0
Beverly Hasted,bhastedz@usgs.gov,1LDzHYBQg
Dana Nevitt,dnevitt10@guardian.co.uk,cx4Qqn
Bernette Comrie,bcomrie11@printfriendly.com,1eBOSuTU4T
Cy Coventon,ccoventon12@blog.com,HdJdw2ssLsdx
Nada D'Ambrosi,ndambrosi13@msn.com,muJPmsz6KH
Nicol Bunhill,nbunhill14@list-manage.com,79Qw0e0Fd2nm
Marc Suche,msuche15@de.vu,99LvEe8HA4
Halli Biner,hbiner16@istockphoto.com,ouR8074kg
Carce Lower,clower17@t-online.de,WQePC7MVcbO6
Esmeralda Sweatland,esweatland18@w3.org,OMN5s8mV
Julie Currey,jcurrey19@ucla.edu,W6inYpQ9yl
Clementina Navein,cnavein1a@ebay.com,GrikUiI
Luther Caustic,lcaustic1b@php.net,bjRdG7pRm
Lynett Cullabine,lcullabine1c@google.com.br,dcVn2O2Jd
Vinnie Lundie,vlundie1d@mediafire.com,s1wkSPyLVyPb
admin,admin,admin