624,Theodoric,Conyer,464 Anzinger Hill,21
3534,Hortensia,Romans,09134 Sloan Center,18
526,Lida,Crehan,1 Waxwing Place,21
1328,Orran,Amer,8306 Forest Run Parkway,19
2530,Lillian,Gayne,5655 American Ash Street,23
4422,Bobbee,Pietesch,7703 Southridge Hill,26
895,Curt,Cassimer,2094 Thierer Way,26
4076,Arnoldo,Loveard,6367 Tomscot Center,24
4149,Drucill,Appleton,9638 Arapahoe Alley,19
176,Michal,Fogg,9826 Vidon Parkway,26
4655,Evangelin,Mullinder,2723 Wayridge Crossing,27
3332,Harmonie,Glasspool,41 Coleman Hill,19
2710,Milka,Woof,6550 Boyd Road,18
2427,Whitby,Janning,594 John Wall Court,24
3036,Lanie,Ferrer,06892 Lakeland Trail,22
919,Berrie,Houlahan,4739 Lotheville Crossing,23
4179,Florian,Struan,2013 Hazelcrest Alley,24
1997,Lesley,Piburn,91872 Cherokee Pass,27
3908,Pepillo,Dunseath,7 Sunfield Center,25
1098,Giacinta,Lapidus,34085 Clove Street,24
4044,Enid,Jeannot,54331 Lakeland Drive,22
1620,Merrilee,Le Merchant,535 Arizona Pass,25
1922,Fredric,Roakes,49 Green Alley,23
4281,Terrijo,Mounsey,1 Golf Center,27
3663,Reggy,Szach,50962 Fordem Pass,22
824,Kendell,Verna,5 Debra Way,21
1606,Carmine,Hanhardt,029 American Crossing,19
957,Jolene,Lanfranconi,89240 Bonner Hill,19
1405,Willis,Neubigin,3 Glendale Center,20
4404,Demetre,Ianson,8 Express Point,21
830,Ernestus,Cottle,967 Texas Avenue,24
4826,Sammy,Seif,14 Grasskamp Street,23
3867,Gretal,Hylden,4 Kings Avenue,18
1991,Glenda,Bradd,43334 Cascade Hill,23
4384,Dallas,Northam,60590 Montana Circle,22
1868,Gerianna,Munks,151 Brickson Park Junction,22
2787,Timmy,Goodrick,57325 Union Park,20
4803,Giraud,Hasluck,95 Messerschmidt Parkway,25
2322,Derrek,Le Fevre,24745 Green Ridge Point,23
2358,Livy,Mazillius,39899 Lighthouse Bay Lane,20
3496,Wes,Manser,99390 Mandrake Point,19
4089,Alli,Teulier,0 Shoshone Terrace,24
3280,Shell,Puddan,924 Crescent Oaks Avenue,24
2590,Masha,Garbutt,41326 Troy Junction,19
4561,Ulysses,Wyness,9 Glendale Street,22
79,Salaidh,Hewlings,121 Scofield Plaza,19
2020,Baillie,Edginton,3 Prairie Rose Road,20
4624,Cori,Manuello,9 Porter Terrace,23
780,Orel,Kemmer,19628 Burning Wood Point,23
4048,Anetta,Lynes,8212 Gateway Alley,21
2964,Justina,Dot,491 Mandrake Place,21
3253,Felizio,Aleavy,6648 Ramsey Parkway,25
1164,Derrik,Strathearn,454 Columbus Alley,22
2974,Bogart,Keavy,6 Golf View Center,26
1965,Dalila,Souza,14354 Arkansas Lane,21
4864,Melania,O'Siaghail,55 Corben Place,27
1237,Horatia,Grierson,35066 Truax Way,25
1486,Tirrell,Noir,57 Sundown Point,24
686,Siward,Janic,3132 Crownhardt Plaza,18
3198,Sergio,McBeth,5945 Dapin Hill,19
1708,Shani,Carsberg,31921 Magdeline Junction,18
3656,Jsandye,Gouldeby,436 Transport Park,23
1023,North,Sinton,65010 Transport Junction,27
4703,Shaine,Mulvagh,1 Union Road,26
4892,Walsh,Baudry,2 Loftsgordon Junction,21
1977,Roby,Goodlip,73 Clarendon Point,27
856,Prissie,Brakewell,4 Muir Trail,24
1013,Feodor,Harbidge,11337 International Street,26
2835,Stacia,Tolan,46 Arrowood Center,18
3519,Malvin,Dumbarton,729 Birchwood Lane,20
4142,Jeanine,Kleinzweig,14 Rockefeller Drive,27
4928,Heidi,Zanelli,89221 Debs Trail,22
1643,Orin,Loghan,66 Norway Maple Road,18
3448,Aubrie,Turgoose,5 Huxley Hill,18
2840,Margarette,Offener,8361 Ludington Circle,24
2851,Hewe,Lace,214 Mifflin Avenue,27
140,Myrta,Gotliffe,5 Harbort Place,19
2447,Brianna,Tong,5337 Gerald Court,26
3000,Graig,Strangman,4569 Golf Course Court,18
687,Olenka,Spitaro,631 Maywood Trail,27
4470,Merrie,Nockolds,1 Cherokee Junction,23
3205,Sophie,Fernanando,9 Reinke Junction,23
1588,Ileana,Philipeau,6115 Shoshone Point,20
2985,Dagmar,Jarvis,62 Parkside Terrace,25
3917,Colleen,Wemyss,579 Golf Lane,22
3968,Andreana,Lamb,4501 Mallory Point,22
644,Constanta,Stinchcombe,2438 Drewry Crossing,27
2403,Pacorro,Korbmaker,438 Donald Way,26
893,Lek,Fessier,8 Hanover Junction,20
4786,Abbott,Grinin,981 Heffernan Way,19
2559,Aluino,Yakobovicz,96 Spenser Lane,22
2916,Bank,Jurs,8313 Sauthoff Plaza,25
477,Yettie,Saladine,69150 Merrick Terrace,22
521,Lotte,Benkhe,037 Milwaukee Street,25
4006,Chandra,Malloy,85 Coolidge Circle,23
4540,Coretta,Lumley,658 Vidon Circle,24
1448,Joanna,Gilliver,986 Sommers Terrace,20
2398,Inger,Attiwill,5 Lerdahl Pass,20
3106,Esmeralda,Carless,76453 Dahle Alley,25
2249,Etienne,Kynoch,16 Mariners Cove Center,26
4230,Waylen,Alaway,36 Lindbergh Terrace,23
4172,Gaston,Agge,55659 Havey Park,18
3953,Burt,Longland,2142 Westend Avenue,27
2135,Gae,Cribbott,46743 Ridgeway Park,18
3425,Goddart,Reely,88 Declaration Way,23
4543,Chickie,Boldecke,4382 Drewry Junction,23
1795,Kippy,Bezant,66 2nd Park,21
3415,Verge,Livick,4 Walton Crossing,21
3083,Oliy,Joseff,528 Mesta Plaza,27
1831,Binnie,Tuckerman,00911 Hauk Center,27
3843,Fanny,Jeves,357 Lillian Street,25
4135,Eugene,Ducarne,1923 Kedzie Road,26
2517,Neill,Pendergrast,64725 Havey Point,22
4559,Bidget,Pohling,1 Green Crossing,24
289,Marcel,Trood,34 Surrey Center,18
2810,Waverley,Joan,2916 Katie Parkway,18
4530,Edmon,Lardnar,6191 Havey Terrace,23
3590,Boot,Willerstone,393 Shasta Road,25
4156,Rozalie,Roote,675 Clemons Court,20
4643,Noby,Tillard,805 Hooker Point,18
4019,Celesta,Vanne,94 Nova Trail,18
2618,Nicolea,Boays,90 Starling Road,27
2828,Malory,Cossans,4017 Messerschmidt Alley,21
1715,Alfonse,Aizlewood,18 Morningstar Drive,18
243,Terrell,Manlow,82 Cordelia Trail,25
1436,Joy,Shurman,61313 Jay Terrace,25
2118,Brooke,Bulfit,2804 Magdeline Crossing,25
453,Happy,Attoe,11 Green Ridge Road,25
4218,Marnia,Vlasov,06 Goodland Place,19
4819,Chrisy,Reagan,4 Lerdahl Parkway,19
3313,Gisele,Maleck,97 Havey Hill,23
1354,Joyce,Klass,713 Hanson Plaza,19
1752,Bentlee,Ferreira,8561 Surrey Point,26
3736,Brunhilda,de Mendoza,69442 Spaight Drive,22
4822,Timotheus,Dudny,98 Everett Crossing,18
4263,Karel,Ovesen,2 Melvin Junction,24
879,Nevil,Jaouen,1 Maple Wood Parkway,19
3884,Hyatt,Mattea,86 Manufacturers Center,22
3892,Edeline,Dybald,3412 Hagan Alley,21
375,Any,Scaife,09700 Miller Hill,19
482,Julie,Hazzard,1615 Vidon Alley,21
1586,Dimitri,Gallichan,3 Dottie Road,23
1945,Abraham,Greatbanks,19 Annamark Trail,21
4261,Rosalie,MacAndie,5 Hagan Drive,24
4564,Cayla,Harbinson,856 Maryland Street,27
885,Bernardine,Hayball,451 Pankratz Street,24
1658,Lavinie,Jobin,9 Doe Crossing Avenue,25
3377,Grazia,Aldritt,5 Namekagon Place,19
271,Boone,Skuce,7 Grover Circle,19
351,Hammad,Awcock,0 Haas Alley,23
1226,Kaylil,Dagless,06 Duke Drive,23
4560,Sharl,Whorlton,17578 Laurel Point,25
2363,Cirillo,Cottrill,8 Texas Point,23
3304,Lyn,Meadley,0 Westport Junction,23
1228,Urbain,McElrath,35 Shoshone Road,21
2300,Kimbra,Averill,519 Vidon Terrace,23
3612,Grove,Rawcliffe,055 Thackeray Crossing,23
765,Liv,Stammler,7 Hazelcrest Hill,20
4247,Kristian,Beckingham,32 Caliangt Alley,23
3333,Roger,Wetherby,18136 Dovetail Junction,21
171,Lamond,Cockburn,0588 Homewood Center,25
2542,Roxy,Bazley,3 Coleman Lane,20
1284,Fabio,Josh,8 Southridge Alley,22
2095,Heddi,McLean,57832 Cottonwood Road,21
2177,Staford,Drayn,18149 Dorton Point,23
1419,Olag,Twitching,589 Ruskin Plaza,20
1960,Cheri,Scullin,0 Aberg Parkway,25
801,Grant,Dumper,426 Annamark Road,18
1585,Shannan,Whatson,249 Rutledge Road,18
4893,Hayes,Cashell,43 Cardinal Road,24
990,Fielding,Charlo,34099 Union Street,25
4228,Anabel,Trolley,9 Loftsgordon Circle,26
3654,Shanta,Lebell,98 Dixon Street,22
1581,Graig,Simonassi,1814 Anthes Parkway,19
472,Evie,Sallis,29 Almo Avenue,22
823,Deedee,Lindenstrauss,849 Fieldstone Trail,27
4300,Morrie,Gopsall,2432 Pond Plaza,25
3086,Cecilius,Imlock,8 Independence Court,19
1669,Ludvig,O'Luney,19565 Browning Pass,19
3120,Taddeusz,Piecha,8 Melrose Street,21
1243,Libbey,Kelleher,16 Anniversary Road,26
929,Steward,Sygrove,8379 Mesta Street,27
502,Brien,Mulholland,3 Northfield Drive,22
1625,Dredi,Tullis,13 Del Mar Terrace,18
1438,Valera,Gosson,9456 Columbus Place,23
3901,Timothee,Peddie,926 Riverside Alley,18
4219,Mariana,Babst,811 Vidon Street,20
2133,Jeno,Henbury,247 Gateway Place,19
3650,Gabriello,Southan,52459 Loftsgordon Street,25
4761,Esdras,Piell,03 International Center,27
427,Krystle,Sharpe,675 Forster Road,18
4406,Elga,Frowen,6 Division Plaza,21
2426,Guillaume,Gecks,971 Emmet Lane,27
2648,Corella,Smewings,9180 Laurel Crossing,26
1840,Yvette,Darlison,2100 Dayton Court,26
268,Iolande,Brooke,005 Carberry Center,24
3999,Reuben,Gumly,27674 Old Gate Way,18
1880,Bill,Baudins,6671 Pennsylvania Point,21
601,Hartwell,Bockman,822 Lawn Junction,20
3667,Nari,Linskill,32483 Lakewood Pass,27
1076,Fanny,Dowty,9984 Kenwood Point,20
1951,Corrie,Tollow,139 Briar Crest Point,20
225,Xylina,Patington,4 Maywood Way,24
3610,Garwood,Banting,4 Kropf Avenue,26
1767,Horacio,Fenimore,03 Ryan Drive,22
4306,Tilly,Bliss,1 Jana Drive,27
76,Aretha,Shackel,0631 Meadow Valley Terrace,25
91,Amity,Henrot,35 6th Way,24
4500,Archy,Godrich,1 Kennedy Lane,22
4083,Arlin,Aleshkov,112 Menomonie Street,26
4898,Jenny,Wattinham,20889 Longview Place,22
1524,Willyt,Diano,1 Canary Park,18
3220,Benoite,Boorne,16 Bartelt Drive,19
4654,Nickola,Bauckham,74327 Shopko Road,22
2332,Inesita,Gorner,24 Eagle Crest Hill,23
2353,Sarajane,Christophers,3 Rigney Circle,21
1426,Karry,Moon,40 Northwestern Center,20
2824,Shermie,Mangin,47 Vahlen Drive,25
2484,Valentia,Dullard,1463 7th Plaza,22
3476,Donaugh,Whiles,65 Pine View Pass,22
390,Sianna,Hanlin,67 3rd Alley,24
1325,Kacie,Faux,4655 Mallard Terrace,19
97,Helenka,Napton,49948 Myrtle Park,21
1899,Washington,Cardozo,018 Del Sol Circle,23
3131,Shina,Ramalhete,80792 Sloan Circle,23
591,Granger,Casol,29282 Birchwood Way,21
1435,Brana,Sonschein,18 Talisman Court,21
1675,Eben,Divis,49302 Clarendon Junction,26
333,Aime,Longbothom,83 Walton Road,18
1798,Lorain,Toffanini,2 Kropf Circle,20
2866,Artur,Meredyth,36 Merrick Place,27
3824,Emmeline,Chichgar,24 Hermina Crossing,27
3296,Liliane,Domenget,06 Oakridge Junction,18
7,Anson,Corn,687 Fairfield Drive,24
367,Caty,Ridgedell,84947 Badeau Parkway,27
489,Corty,Street,1819 Old Gate Avenue,24
1437,Amy,Sibbald,40 Ludington Alley,25
1646,Marjorie,Joddins,89238 Scoville Plaza,19
671,Tome,Lambeth,83233 Fuller Hill,27
4260,Euphemia,Cobb,28945 Petterle Way,25
44,Filippo,Anster,7 Crescent Oaks Pass,21
3524,Sibeal,Balshaw,899 Wayridge Park,18
3041,Templeton,Birtwhistle,64338 Wayridge Park,22
2816,Florida,Kentish,5307 Iowa Terrace,18
1324,Errol,Londer,528 Golden Leaf Court,18
315,Glenine,Birchall,92 Grayhawk Point,26
324,Nathan,Stockhill,1 Porter Trail,25
1427,Jacqueline,Dyott,35 Montana Road,19
668,Ruthi,Rotlauf,24768 Westerfield Avenue,25
1867,Loleta,Fannon,54 Hudson Pass,19
2812,Gilburt,Pilbury,003 Express Road,26
2286,Milena,Renowden,25 Lukken Pass,24
1239,Florette,Foord,7644 Mcbride Drive,21
4937,Vick,Duckit,37 Artisan Parkway,27
3127,Lolita,Comberbeach,349 Golf Course Park,20
693,Francisca,Beaty,67219 American Lane,26
1713,Esta,Verduin,01045 Lakewood Gardens Parkway,21
4697,Eada,Jandourek,41052 Heffernan Drive,22
3841,Ugo,Khoter,80153 Goodland Drive,26
2318,Von,Gaudin,14 Rusk Crossing,18
815,Shurlocke,Ransley,346 Welch Plaza,25
4436,Grier,Orteau,0 Jenna Center,18
160,Marcellina,Sagar,75673 Susan Lane,21
1167,Skippy,Eingerfield,87 Eastwood Terrace,22
2203,Adolphe,Twiggins,18 Mcbride Street,23
2381,Thornie,Greatrex,67404 Orin Terrace,19
2359,Rafaela,Abrahamoff,338 Merchant Crossing,27
618,Tye,Keyworth,81851 Bellgrove Point,24
4330,Leela,Spancock,439 Truax Plaza,20
1717,Maurine,Seif,0549 La Follette Plaza,22
3119,Stacy,Malam,0 Shelley Trail,27
4981,Uriel,Spick,3743 Welch Hill,27
393,Cyrus,Carabine,76 Michigan Drive,20
925,Marcelo,Ferroli,9697 Menomonie Junction,27
838,Adore,Tace,75 Moose Parkway,21
4293,Thedrick,Bolles,6 Toban Drive,21
1549,Goddart,Vickar,4 Ronald Regan Place,27
2275,Maitilde,Duligall,3 Pearson Street,18
4186,Dugald,Newbery,4 Stone Corner Way,23
4318,Kristen,Stredwick,24098 Mosinee Street,19
699,Yardley,MacGaughy,924 Crescent Oaks Court,20
3245,Frederick,Mattioni,51 Buell Circle,18
2450,Rory,Lindup,82 Pearson Pass,23
2995,Matthias,Crucetti,4 Ryan Road,19
894,Gay,Singleton,25119 Kedzie Park,18
3065,Lonni,Hospital,1343 Bluejay Terrace,18
3317,Barthel,Ribbens,7 Washington Terrace,21
1467,Toiboid,Peregrine,0 Esch Terrace,20
673,Allie,Sugg,02 Cambridge Alley,27
2238,Isacco,Lammin,7196 Rieder Crossing,27
2683,Dugald,Birden,67 Center Park,27
4791,Kynthia,Welfare,0 Walton Crossing,26
4885,Julian,Dallaghan,76 Hallows Alley,21
524,Lacie,Favill,66698 Springs Place,25
1749,Arron,Biddlecombe,2114 Stang Road,22
1188,Clotilda,Bollin,5065 Harbort Center,21
3321,Alidia,Ludron,9 Corben Pass,18
3754,Catherina,Tabert,1296 Victoria Lane,18
3055,Tomaso,Porker,28089 Del Sol Alley,20
3730,Trstram,Manderson,7 Spohn Junction,23
1366,Aurore,Damp,6264 Hansons Hill,24
3844,Matty,Dasent,61033 Merchant Center,22
2128,Janenna,Warton,36880 Kedzie Park,26
3659,Phillie,Free,14946 Pleasure Drive,27
459,Sal,Draaisma,5 Hazelcrest Park,25
4520,Alameda,Greenrodd,12668 Scott Plaza,19
2978,Viole,Halbert,33 Bartelt Terrace,20
4897,Sybilla,Rengger,87 Main Parkway,22
2122,Ruperto,Bollin,88 Heath Way,24
2405,Waverly,Aldgate,3 Cordelia Drive,22
1107,Ingaberg,O'Hone,646 Katie Alley,18
4729,Scot,Aizikovitch,8 Waubesa Terrace,24
3864,Robb,Fidock,593 Hoffman Court,19
1774,Rosana,Hasell,5 Hollow Ridge Junction,19
2806,Roderic,Maldin,24445 Vahlen Crossing,24
3392,Rani,Borman,3017 Raven Pass,22
860,Derrick,Lowdes,0 Tomscot Way,21
2850,Pate,Maddox,56115 Hermina Drive,25
2103,Linnell,Benito,88 Cardinal Junction,23
4837,Jasmina,Capron,1 Arapahoe Parkway,25
2340,Alphard,Elgar,57956 Eastwood Lane,18
397,Pacorro,Vaskin,14 3rd Junction,19
774,Orran,Dood,9070 Oak Terrace,25
2506,Jerrine,Trent,68 Oxford Street,22
4091,Rip,Tollady,5 Scofield Place,25
1935,Lem,Kase,5 Mallard Street,20
1547,Gus,Allsworth,00 Gulseth Park,25
1201,Vevay,Kinzel,597 Dixon Court,18
1016,Bald,Mugleston,96 Declaration Avenue,19
4255,Jolyn,Shuker,0594 Delladonna Circle,25
3760,Ermengarde,Pond-Jones,727 New Castle Pass,21
4663,Dore,Lampbrecht,661 Florence Circle,24
2807,Sukey,Eamer,6949 Montana Circle,23
2324,Bobbie,Kemston,23 Alpine Pass,24
4132,Skelly,Macura,2 Crescent Oaks Hill,21
1759,Eliza,Streatley,1223 Manitowish Parkway,27
2082,Rancell,Wisker,18258 Portage Trail,21
3815,Joya,Davidge,43118 Northfield Alley,26
3259,Kathy,Aps,77709 Green Ridge Avenue,25
854,Yasmeen,Mayhou,75432 5th Alley,21
4307,Fabian,McGilben,3 Claremont Lane,20
2064,Barnett,Keeler,36499 West Circle,23
411,Gerald,Casperri,642 La Follette Plaza,26
4878,Beck,Nutting,980 Tony Trail,22
72,Rudiger,Swiggs,57230 Dennis Parkway,27
4587,Alejandrina,Charlot,20989 Dakota Drive,25
3201,Devin,Skillitt,81542 Mesta Terrace,27
2809,Alison,Stallen,52 Arizona Place,25
881,Maisey,Thwaite,105 Clarendon Center,18
4623,Hertha,Wroath,7416 Main Place,24
642,Clarinda,Roughan,5341 North Crossing,22
532,Torry,Roony,166 Hoepker Court,21
4269,Tilly,Warmisham,47 Fordem Alley,23
1571,Kelcy,Muggach,81983 Arizona Pass,23
2638,Berne,Copnell,1741 Banding Court,26
4741,Egor,Escudier,31313 Southridge Crossing,24
1528,Concettina,Darrington,4 Arizona Court,18
3981,Cheri,Flury,376 Dakota Street,26
4846,Clay,Picken,8184 Karstens Plaza,24
27,Reagen,Langworthy,4773 Holy Cross Place,22
1722,Alfons,Inwood,1 Oak Valley Drive,18
1864,Odessa,Rutt,61 Victoria Street,22
1574,Dyan,Kilshall,0 Pearson Place,23
3801,Camel,Dublin,0 Hooker Drive,19
2673,Peria,Tutchell,1 Gina Junction,20
3394,Celestyna,Lightbowne,0958 Merry Street,27
70,Lanny,Rigg,9 Green Way,22
3702,Dennie,Yurevich,50714 Waxwing Road,23
262,Rooney,Dorber,4 Maple Wood Plaza,27
1928,Holly,Nicholl,77973 Jay Center,20
1346,Kathye,Kirtley,22351 Forest Dale Court,26
892,Jelene,Clabburn,6 Nobel Road,26
789,Gena,Ales,89859 Center Pass,19
4758,Gracia,Vauter,0 Kim Street,21
4809,Carrissa,Edmonson,6 Haas Plaza,19
2826,Roana,Vowell,81533 Carpenter Alley,20
3054,Gaven,Guillard,383 Mayer Center,24
294,Dominique,Wickerson,80147 Arapahoe Parkway,22
731,Shane,Reavell,1979 Raven Point,20
1976,Farand,Chalfain,68964 Butternut Crossing,25
1280,Burch,Tootal,18404 Melvin Park,22
3603,Marji,Mackstead,66 Cody Road,27
3980,Collete,Jarret,3 Transport Road,20
2647,Florie,Ramalho,80304 Sunbrook Circle,26
284,Etan,De Pietri,075 Nancy Plaza,23
4909,Hollis,Skocroft,99 Stephen Lane,20
1275,Robenia,Bounde,9 Buena Vista Hill,19
2201,Shannon,Spincks,57 Graedel Park,18
4912,Wallace,Oliver-Paull,669 Sheridan Way,20
2282,Mag,Stormouth,5128 Barnett Avenue,20
4743,Salem,Carlill,609 Sheridan Parkway,27
4812,Osmond,Soans,85519 Logan Road,25
1594,Bernadine,Praundlin,6256 Bartillon Terrace,18
2781,Sybyl,Priddie,5742 Thierer Place,26
3971,Chelsy,Fruin,577 Clarendon Circle,26
1706,Andras,Honacker,0 6th Hill,22
3673,Quentin,MacGowan,51256 Namekagon Avenue,19
1803,Kalina,Jaegar,7128 Forest Run Crossing,21
3675,Muffin,Jelliman,224 Algoma Crossing,23
4029,Robbyn,Pearsall,149 Pleasure Point,27
803,Ahmed,Dickerson,3995 Graedel Court,20
3751,Morrie,Bein,75701 Dorton Parkway,27
4229,Meridel,Bursnell,26 Grayhawk Road,20
3891,Khalil,Shortin,84 Mendota Junction,22
2067,Cassaundra,Kitchenham,5 Buhler Circle,27
2763,Yovonnda,Canepe,31 Gerald Avenue,23
1733,Fianna,Jenyns,956 Stephen Pass,20
2355,Courtnay,Lissenden,0 Chive Junction,21
3209,Dunn,Sedgman,91834 Susan Court,27
2818,Vinny,Duckham,14008 Graceland Point,25
2726,Jeanine,Simmon,83 Little Fleur Circle,21
829,Phoebe,Bruce,013 Oxford Parkway,26
3457,Rosco,Reuble,8221 Scofield Center,26
4692,Sherm,Mearns,7842 Ridge Oak Junction,20
2640,Adrianna,Ghion,3 Express Parkway,26
2187,Sax,Chetwynd,397 Fieldstone Lane,21
1921,Meg,Chaperling,574 Stoughton Road,18
905,Michell,Haslin,6348 Towne Road,24
213,Laurie,Bolland,90589 Thierer Parkway,20
154,Bonnie,Rodson,80 Mendota Point,20
4016,Stacy,Sailor,593 Eastlawn Court,25
1818,Valentino,Lambal,524 Sundown Parkway,25
2760,Karlotta,Koschke,6778 Fairfield Road,20
1393,Fair,Ert,85988 Buell Alley,22
1369,Saundra,Tupp,89 Almo Place,25
2917,Lyn,Lamborne,5315 Meadow Ridge Lane,20
3498,Amber,Barlass,4898 Morrow Center,27
3748,Gus,Neiland,2731 Crest Line Place,18
3909,Terri,Branchet,71 Donald Pass,23
2164,Kristyn,Sokill,15088 Del Mar Avenue,25
1738,Welsh,De Ortega,081 Hauk Junction,25
1020,Velvet,Stickney,1927 Sycamore Crossing,23
806,Malynda,Bolderstone,1242 John Wall Way,23
2844,Clovis,Stanhope,71054 Westerfield Road,23
3995,Sancho,Enoksson,241 Fieldstone Avenue,27
2707,Lilly,Linneman,55014 Golf Alley,23
3067,Tiffie,Geer,40 Prentice Crossing,19
3694,Rosco,Rose,6113 Anzinger Way,25
3365,Terese,Nutman,076 Glacier Hill Court,26
1442,Avram,Casburn,8241 Sage Center,18
918,Marlyn,Skim,84135 Cottonwood Circle,18
631,Drusie,Dodshun,2741 Oak Place,21
1159,Josey,Winwright,5 Killdeer Court,23
3029,Joshua,Greenstock,014 Browning Point,21
257,Jacquenette,Antoszewski,6339 1st Center,23
94,Derron,Brittin,78 Graedel Park,20
4028,Eleni,Leahy,135 Hazelcrest Circle,25
4122,Delaney,Mitchenson,8221 Talisman Crossing,18
4908,Kessia,Peche,68 Anderson Place,23
338,Basile,Risbie,1 Grayhawk Drive,20
3140,Justino,Street,8 Colorado Point,20
4672,Osborn,Burniston,68075 Eggendart Drive,27
3879,Antons,Fransson,539 Pennsylvania Trail,19
4136,Eldredge,Conaboy,62977 Hoard Place,27
696,Adams,Faulds,10 Stoughton Road,27
2708,Esta,de Clerq,34056 Dakota Circle,25
331,Ripley,Cuddihy,1 Pepper Wood Circle,21
4567,Jonah,Loffhead,756 Hazelcrest Pass,18
4336,Jewell,Church,1 Saint Paul Drive,27
1171,Kristofer,Pinard,690 Talmadge Alley,20
4118,Harwilll,Sprankling,161 Sugar Pass,23
4316,Brendin,Halsey,4858 Bobwhite Avenue,19
2053,Willow,Eake,3786 Mcbride Parkway,21
4501,Sergeant,Keattch,21 Summerview Pass,26
4695,Abdel,Coatham,826 Golf Course Pass,20
3298,Abeu,Sizland,87 Sutherland Parkway,24
4148,Noni,Bilsborrow,86347 Oxford Crossing,23
580,Forbes,Maxsted,56111 Bowman Alley,21
1285,Malory,Bravington,797 Columbus Circle,23
2628,Ban,Golagley,27560 Pierstorff Alley,22
1886,Patience,McIlreavy,64 Tennessee Alley,19
2463,Ellyn,Loxdale,8 Miller Pass,25
2728,Konstantine,Filinkov,73 Menomonie Junction,25
4902,Bary,Ixer,879 Tennessee Point,25
2312,Lorena,Shiers,5411 Sauthoff Point,24
3588,Cristian,Ritson,72447 Corben Circle,27
2074,Teri,Dickerson,95 Northwestern Trail,25
3158,Susi,Hully,77008 Helena Crossing,26
836,Izzy,Chidwick,702 Petterle Hill,18
4224,Yurik,Walsham,5828 Hagan Circle,19
3345,Margarethe,Pretti,91899 Heath Parkway,27
868,Josephine,Hallows,97 Golf Course Way,21
3826,Doug,Luke,0 Gulseth Avenue,22
1837,Ginevra,Pennock,04699 Rigney Trail,27
84,Emmery,Hannon,68 Knutson Parkway,19
4141,Horton,Briiginshaw,259 Heffernan Trail,22
2982,Orville,Dykins,6284 Colorado Junction,27
1133,Libbie,Palk,9 Alpine Plaza,24
610,Wait,Blown,5890 Eastlawn Terrace,21
1049,Urbano,Keinrat,1 Golf Street,21
3,Vonnie,Torra,09 Transport Park,20
378,Tate,Huc,39039 Annamark Terrace,18
1350,Jennee,Olorenshaw,2 Sugar Drive,23
1207,Barbee,Ivankovic,193 Mifflin Avenue,25
431,Carlin,Mulchrone,9 Hoard Parkway,27
1626,Ennis,Clews,532 Hansons Road,22
878,Abby,Gawen,302 American Point,22
2060,Hansiain,Riolfo,50619 Crest Line Avenue,18
943,Ardelia,Crowther,03334 Cherokee Parkway,21
4625,Ferrell,Dilkes,13325 Merrick Drive,26
